Personal Assistant,Control Iron Man Armor,Data Analysis,Security,Business Operations,Text Analysis,Image Analysis,Audio Analysis,Video Analysis,Internet Access,Task Planning,Model Selection,Task Execution,Response Generation,Image Generation,Poem Writing,Text Generation,Audio Generation,Video Generation,File Access,Pose Interpretation,Drawing Output,Multimodal Capabilities,Collaborative System,Personalized AI Assistant Creation,Augmented Reality Security,Defense System,Artificial Tactical Intelligence,Access to Tony's Protocols,Control of Stark Industries' Global Satellite Network,Drone Control,Facial Recognition,Real-time Information Retrieval,Communication,Holographic Projection,Control of Iron Man Armor,Battle Assistance,Monitoring Ultron,Rescue Operations,Predicting Opponent's Moves
"J.A.R.V.I.S. functions as Tony Stark's assistant, running and taking care of all the internal systems of Stark's buildings and the Iron Man suits.",,,,,,,,,,,,,,,,,,,,,,,,,,,,,,,,,,,,,,,
,J.A.R.V.I.S. controls Tony Stark's Iron Man and Hulkbuster armor.,,,,,,,,,,,,,,,,,,,,,,,,,,,,,,,,,,,,,,
,,"J.A.R.V.I.S. provides valuable information during combat, giving advice on the armor's status and on the enemy's weak points.",,,,,,,,,,,,,,,,,,,,,,,,,,,,,,,,,,,,,
,,,J.A.R.V.I.S. runs security for Tony Stark's Mansion and Stark Tower.,,,,,,,,,,,,,,,,,,,,,,,,,,,,,,,,,,,,
,,,,J.A.R.V.I.S. runs more of the business than anyone besides Pepper Potts.,,,,,,,,,,,,,,,,,,,,,,,,,,,,,,,,,,,
,,,,,It can analyze and understand text inputs².,,,,,,,,,,,,,,,,,,,,,,,,,,,,,,,,,,
,,,,,,It can interpret images².,,,,,,,,,,,,,,,,,,,,,,,,,,,,,,,,,
,,,,,,,It can understand audio inputs².,,,,,,,,,,,,,,,,,,,,,,,,,,,,,,,,
,,,,,,,,It can interpret videos².,,,,,,,,,,,,,,,,,,,,,,,,,,,,,,,
,,,,,,,,,It can connect to the internet and access files².,,,,,,,,,,,,,,,,,,,,,,,,,,,,,,
,,,,,,,,,,It can plan tasks based on user requests².,,,,,,,,,,,,,,,,,,,,,,,,,,,,,
,,,,,,,,,,,It can select the correct model to achieve a task².,,,,,,,,,,,,,,,,,,,,,,,,,,,,
,,,,,,,,,,,,It can execute tasks using selected models².,,,,,,,,,,,,,,,,,,,,,,,,,,,
,,,,,,,,,,,,,It can generate responses using inference results from all models².,,,,,,,,,,,,,,,,,,,,,,,,,,
,,,,,,,,,,,,,,It can generate images based on user requests².,,,,,,,,,,,,,,,,,,,,,,,,,
,,,,,,,,,,,,,,,It can write poems based on user requests².,,,,,,,,,,,,,,,,,,,,,,,,
,,,,,,,,,,,,,,,,It can generate text based on user requests².,,,,,,,,,,,,,,,,,,,,,,,
,,,,,,,,,,,,,,,,,It can generate audio based on user requests².,,,,,,,,,,,,,,,,,,,,,,
,,,,,,,,,,,,,,,,,,It can generate videos based on user requests².,,,,,,,,,,,,,,,,,,,,,
,,,,,,,,,,,,,,,,,,,It can access files from a given URL². ,,,,,,,,,,,,,,,,,,,,
,,,,,,,,,,,,,,,,,,,,It can interpret poses from images².,,,,,,,,,,,,,,,,,,,
,,,,,,,,,,,,,,,,,,,,,It can draw output based on user requests².,,,,,,,,,,,,,,,,,,
,,,,,,,,,,,,,,,,,,,,,,It can handle multiple tasks in a single query².,,,,,,,,,,,,,,,,,
,,,,,,,,,,,,,,,,,,,,,,,It connects to multiple AI models and responds with a final result².,,,,,,,,,,,,,,,,
,,,,,,,,,,,,,,,,,,,,,,,,You can train an AI chatbot and create a personalized AI assistant².,,,,,,,,,,,,,,,
,,,,,,,,,,,,,,,,,,,,,,,,,E.D.I.T.H. provides augmented reality security,,,,,,,,,,,,,,
,,,,,,,,,,,,,,,,,,,,,,,,,,It serves as a defense system,,,,,,,,,,,,,
,,,,,,,,,,,,,,,,,,,,,,,,,,,E.D.I.T.H. is capable of providing artificial tactical intelligence,,,,,,,,,,,,
,,,,,,,,,,,,,,,,,,,,,,,,,,,,E.D.I.T.H. has access to all of Tony Stark's protocols,,,,,,,,,,,
,,,,,,,,,,,,,,,,,,,,,,,,,,,,,E.D.I.T.H. can control Stark Industries' global satellite network  ,,,,,,,,,,
,,,,,,,,,,,,,,,,,,,,,,,,,,,,,,E.D.I.T.H. can control an army of weaponized drones ,,,,,,,,,
,,,,,,,,,,,,,,,,,,,,,,,,,,,,,,,E.D.I.T.H. can perform facial recognition,,,,,,,,
,,,,,,,,,,,,,,,,,,,,,,,,,,,,,,,,It can provide real-time information retrieval,,,,,,,
,,,,,,,,,,,,,,,,,,,,,,,,,,,,,,,,,E.D.I.T.H. can facilitate communication ,,,,,,
,,,,,,,,,,,,,,,,,,,,,,,,,,,,,,,,,,It can project holographic images,,,,,
F.R.I.D.A.Y. functions as Tony Stark's assistant⁵,,,,,,,,,,,,,,,,,,,,,,,,,,,,,,,,,,,,,,,
,,,,,,,,,,,,,,,,,,,,,,,,,,,,,,,,,,,F.R.I.D.A.Y. controls Tony Stark's Iron Man and Hulkbuster armor⁵,,,,
,,,,F.R.I.D.A.Y. runs more of the business for Stark Industries than anyone besides Pepper Potts⁵,,,,,,,,,,,,,,,,,,,,,,,,,,,,,,,,,,,
,,,F.R.I.D.A.Y. is responsible for running security for Tony Stark's Mansion and Stark Tower⁵,,,,,,,,,,,,,,,,,,,,,,,,,,,,,,,,,,,,
,,,,,,,,,,,,,,,,,,,,,,,,,,,,,,,,,,,,F.R.I.D.A.Y. assisted Tony during the Battl`e of Sokovia⁵,,,
,,,,,,,,,,,,,,,,,,,,,,,,,,,,,,,,,,,,,F.R.I.D.A.Y. monitored Ultron's attempts to escape into the internet⁵,,
,,,,,,,,,,,,,,,,,,,,,,,,,,,,,,,,,,,,,,F.R.I.D.A.Y. helped Stark rescue a family trapped in a collapsing building⁵,
,,,,,,,,,,,,,,,,,,,,,,,,,,,,,,,,,,,,,,,"F.R.I.D.A.Y. predicted where Captain America would hit next, allowing Iron Man to counter the blow⁵"
